chunk_id,source_id,source_title,source_url,scope,topic,content_version,change_frequency,date_accessed,char_count,token_estimate_approx,text
c001,src01,Heinz College Admissions (home),https://www.heinz.cmu.edu/admissions/,general,admissions overview; required materials; no application fee,undated,Low,2026-07-11,537,134,"Heinz College Admissions

This section applies to Heinz College's master's and Ph.D. admissions only. Heinz College does not charge an application fee.

How to Apply: Full-time Master's Programs. Course prerequisites and required materials vary by program, but all applicants to full-time Master's programs at Heinz College must submit the following: an online application, transcripts, letters of recommendation (2 required, 3 maximum), a professional resume, and a required essay. There is no application fee to apply to Heinz College."
c002,src01,Heinz College Admissions (home),https://www.heinz.cmu.edu/admissions/,general,admissions overview; required materials; no application fee,undated,Low,2026-07-11,751,188,"There is no application fee to apply to Heinz College. International applicants may be required to also submit English Language Proficiency Exam Results and Transcript Evaluations. All applicants can also submit an optional recommended Video Interview and an optional essay.

Full-time master's programs at Heinz College include: Master of Science in Artificial Intelligence Systems Management (AIM), Master of Arts Management (MAM), Master of Entertainment Industry Management (MEIM), Master of Science in Health Care Analytics (MSHCA), Master of Information Systems Management (MISM, including the BIDA pathway), Master of Science in Information Security Policy and Management (MSISPM), and Master of Science in Public Policy and Management (MSPPM)."
c003,src01,Heinz College Admissions (home),https://www.heinz.cmu.edu/admissions/,general,admissions overview; required materials; no application fee,undated,Low,2026-07-11,701,175,"y), Master of Science in Information Security Policy and Management (MSISPM), and Master of Science in Public Policy and Management (MSPPM). Part-time master's programs include: Master of Public Management (MPM), Master of Medical Management (MMM), and Master of Science in Information Technology (MSIT).

Partner Scholarships: If you are affiliated with one of Heinz's partner organizations such as Peace Corps, AmeriCorps, Teach For America or City Year, you are eligible to receive a minimum scholarship of $8,100 or $13,000 per semester.

Contact: Heinz College Office of Admissions, 5000 Forbes Avenue, Hamburg Hall, Pittsburgh, PA 15213-3890. Phone: 412-268-2164. Email: hnzadmit@andrew.cmu.edu."
c004,src02,Admissions FAQ - Admissions,https://www.heinz.cmu.edu/admissions/faq/admissions,general,application process; deadlines; GRE/GMAT; TOEFL; recommendations; transcripts,undated,Medium,2026-07-11,531,133,"Admissions FAQs — Application Process

When can I apply? The application for admission opens September 1 for the following calendar year (for example, September 1, 2025 for the January, May, and August 2026 intakes).

I am currently pursuing my bachelor's degree. Can I still apply by the Round 1 deadline? Applicants who are currently pursuing their bachelor's degree are encouraged to apply by the Round 2 deadline (January 10) so their fall (or seventh) semester grades are included on the official transcript/evaluation report."
c005,src02,Admissions FAQ - Admissions,https://www.heinz.cmu.edu/admissions/faq/admissions,general,application process; deadlines; GRE/GMAT; TOEFL; recommendations; transcripts,undated,Medium,2026-07-11,594,148,"y by the Round 2 deadline (January 10) so their fall (or seventh) semester grades are included on the official transcript/evaluation report. What do I need to submit for admissions consideration? Required application materials vary by program and applicant type (domestic or international). In general, to apply for admission to a master's program, prospective students are required to submit an online application form, undergraduate transcripts, their professional resume, two recommendations, and an essay.

What is the application fee? There is no application fee to apply to Heinz College."
c006,src02,Admissions FAQ - Admissions,https://www.heinz.cmu.edu/admissions/faq/admissions,general,application process; deadlines; GRE/GMAT; TOEFL; recommendations; transcripts,undated,Medium,2026-07-11,688,172,"What is the application fee? There is no application fee to apply to Heinz College. Can I apply to more than one program? Heinz strongly recommends applicants apply to one program. Students interested in more than one program are encouraged to apply to their top choice and can indicate interest in a second program within their optional essay.

Am I allowed to use ChatGPT or other AI tools to write my essay? You should not use artificial intelligence such as ChatGPT to write any portion of your essay. Your essay should contain only true information and your own original content. Submission of false, plagiarized, or AI-generated material may result in automatic denial of admission."
c007,src02,Admissions FAQ - Admissions,https://www.heinz.cmu.edu/admissions/faq/admissions,general,application process; deadlines; GRE/GMAT; TOEFL; recommendations; transcripts,undated,Medium,2026-07-11,633,158,"Submission of false, plagiarized, or AI-generated material may result in automatic denial of admission. Can I still apply if I missed the application deadline? Heinz does accept late applications to its master's programs. For full-time master's programs, applications are accepted after the published deadlines if space remains in the incoming class; contact the Office of Admissions if interested in applying after January 10. On June 15, 2026, the application system will close for admission to the full-time master's programs' incoming cohort for August 2026. PhD programs do not accept applications after the December 1 deadline."
c008,src02,Admissions FAQ - Admissions,https://www.heinz.cmu.edu/admissions/faq/admissions,general,application process; deadlines; GRE/GMAT; TOEFL; recommendations; transcripts,undated,Medium,2026-07-11,620,155,"PhD programs do not accept applications after the December 1 deadline. Can I defer my admission? Deferrals are not common and are considered on a case-by-case basis for one academic year only. Typically deferrals are granted for military/volunteer public service or opportunities with a partner organization.

Admissions FAQs — GRE/GMAT

Are GRE/GMAT scores required? The GRE/GMAT is required for admission to most of the master's and Ph.D. programs offered by Heinz College. Each program has its own policy. In some cases, applicants may qualify for a waiver of the test score requirement and apply without test scores."
c009,src02,Admissions FAQ - Admissions,https://www.heinz.cmu.edu/admissions/faq/admissions,general,application process; deadlines; GRE/GMAT; TOEFL; recommendations; transcripts,undated,Medium,2026-07-11,690,172,"In some cases, applicants may qualify for a waiver of the test score requirement and apply without test scores. What are Heinz College's GRE codes? The institution code is 3085. Scores sent to the main Carnegie Mellon University code (2074) will still be verified.

How old can GRE test scores be? Heinz accepts test scores that are up to five years old at the time of application. ETS will not verify test scores beyond the five year mark.

Can I take the GRE/GMAT after the application deadline? On the application, enter your upcoming test date and registration number in lieu of your scores, and still submit your application prior to the posted deadline.

Admissions FAQs — TOEFL/IELTS"
c010,src02,Admissions FAQ - Admissions,https://www.heinz.cmu.edu/admissions/faq/admissions,general,application process; deadlines; GRE/GMAT; TOEFL; recommendations; transcripts,undated,Medium,2026-07-11,642,160,"Admissions FAQs — TOEFL/IELTS Do I need to take the TOEFL exam? If your native language is not English, you are required to submit an official score report from TOEFL, IELTS, or Duolingo. Exceptions apply for applicants who have worked or studied for five or more years in specified English-speaking countries, or who studied four years of their undergraduate education in the United States and earned their bachelor's degree from a regionally accredited US school. Applicants must score at or above the posted minimums. Heinz's TOEFL institution code is 2176. TOEFL scores are accepted up to two years old.

Admissions FAQs — Recommendations"
c011,src02,Admissions FAQ - Admissions,https://www.heinz.cmu.edu/admissions/faq/admissions,general,application process; deadlines; GRE/GMAT; TOEFL; recommendations; transcripts,undated,Medium,2026-07-11,414,104,"Admissions FAQs — Recommendations How many recommendations are required? At least two recommendations are required to support an application; you may exclude or change recommenders in the online application. Under FERPA, students may waive their right to view letters of recommendation; how you respond to the FERPA waiver question will not impact your chances for admission.

Admissions FAQs — Transcripts and GPA"
c012,src02,Admissions FAQ - Admissions,https://www.heinz.cmu.edu/admissions/faq/admissions,general,application process; deadlines; GRE/GMAT; TOEFL; recommendations; transcripts,undated,Medium,2026-07-11,603,151,"Admissions FAQs — Transcripts and GPA Is my GPA good enough for admission? Heinz College does not have a required minimum GPA. The average and median GPA for admitted applicants are available on each program page. The Admissions Committee completes a holistic review of each application, considering transcripts, test scores, recommendations, personal statement, and career goals.

Do international transcripts need third-party evaluation? All international academic documents for applicants to master's programs (except Master of Medical Management) must be verified by a transcript evaluation service."
c013,src02,Admissions FAQ - Admissions,https://www.heinz.cmu.edu/admissions/faq/admissions,general,application process; deadlines; GRE/GMAT; TOEFL; recommendations; transcripts,undated,Medium,2026-07-11,284,71,mic documents for applicants to master's programs (except Master of Medical Management) must be verified by a transcript evaluation service. Can you review my application if some materials arrive late? Heinz cannot review an application until all materials are received and processed.
c014,src03,Admissions FAQ - General & Curriculum,https://www.heinz.cmu.edu/admissions/faq/,general,general and curriculum FAQs,undated,Low,2026-07-11,672,168,"Frequently Asked Questions — General and Curriculum

About the name. Heinz College was originally the School of Urban and Public Affairs (SUPA). It was renamed the H. John Heinz III School of Public Policy and Management in 1992 after Pennsylvania Senator H. John Heinz III, and became Heinz College of Information Systems and Public Policy in 2008. The Master of Information Systems Management program was established in 1996.

How do I apply? Applications must be submitted through Heinz College's online application system; Heinz only accepts applications online. Full-time master's and Ph.D. students must matriculate in the Fall semester. There is no application fee."
c015,src03,Admissions FAQ - General & Curriculum,https://www.heinz.cmu.edu/admissions/faq/,general,general and curriculum FAQs,undated,Low,2026-07-11,649,162,"Full-time master's and Ph.D. students must matriculate in the Fall semester. There is no application fee. Part-time programs. For working professionals with at least three years of work experience, Heinz offers two part-time programs — the Master of Public Management (MPM) and the Master of Science in Information Technology (MSIT) — with evening classes and remote learning options. These part-time programs have additional start dates throughout the year.

Deferrals. Deferrals are not common and are considered case-by-case for one academic year only, typically for military/volunteer public service or opportunities with a partner organization."
c016,src03,Admissions FAQ - General & Curriculum,https://www.heinz.cmu.edu/admissions/faq/,general,general and curriculum FAQs,undated,Low,2026-07-11,664,166,"dered case-by-case for one academic year only, typically for military/volunteer public service or opportunities with a partner organization. STEM designation. Several Heinz master's programs are STEM-designated (eligible for the STEM OPT extension), including AIM, MISM (and the BIDA pathway), MSISPM, MSHCA, and MSPPM. Master of Arts Management, Master of Entertainment Industry Management, Master of Public Management, Master of Medical Management, and the online MSIT are not STEM-designated.

Capstone instead of thesis. In lieu of a master's thesis, full-time master's students complete a team-based Capstone Project in collaboration with a real-world client."
c017,src03,Admissions FAQ - General & Curriculum,https://www.heinz.cmu.edu/admissions/faq/,general,general and curriculum FAQs,undated,Low,2026-07-11,529,132,"In lieu of a master's thesis, full-time master's students complete a team-based Capstone Project in collaboration with a real-world client. What is a unit? At Carnegie Mellon, courses are counted in units rather than credits. A 12-unit course is roughly equivalent to a 4-credit-hour course elsewhere. Most Heinz courses are 12 units (a full-semester course) or 6 units (a half-semester ""mini"" course). The academic year is divided into four minis (two per semester), with summer minis 5 and 6 for students taking summer classes."
c018,src03,Admissions FAQ - General & Curriculum,https://www.heinz.cmu.edu/admissions/faq/,general,general and curriculum FAQs,undated,Low,2026-07-11,608,152,"The academic year is divided into four minis (two per semester), with summer minis 5 and 6 for students taking summer classes. Transfer credits. Heinz does not accept transfer credits from institutions outside Carnegie Mellon toward its full-time degree programs. Graduate-level coursework completed in another CMU program may be evaluated case-by-case after admission. Part-time MPM and MSIT students may request evaluation of prior graduate coursework for up to 24 transfer units after accepting admission. Heinz also offers exemption exams during onboarding for students with overlapping prior coursework."
c019,src04,Admissions FAQ - Financial Aid,https://www.heinz.cmu.edu/admissions/faq/financial-aid,general,financial aid and scholarship FAQs,undated,Medium,2026-07-11,239,60,"Financial Aid FAQs

Tuition rate. Details on the cost of attendance for Heinz College programs are published on the CMU Student Financial Services graduate tuition website. Heinz College does not offer tuition waivers to master's students."
c020,src04,Admissions FAQ - Financial Aid,https://www.heinz.cmu.edu/admissions/faq/financial-aid,general,financial aid and scholarship FAQs,undated,Medium,2026-07-11,697,174,"Heinz College does not offer tuition waivers to master's students. How do I apply for scholarships? The Heinz College Office of Admissions gives scholarship consideration to every admitted student who indicates, within the application for admission, that they want to be considered for merit-based scholarships. The Admissions Committee reviews the information in the application to determine each student's scholarship award. No separate scholarship application is needed unless otherwise stated in the scholarship's description. Master's students do not need to submit a financial aid application to be considered for scholarships and fellowships; these awards are made at the time of admission."
c021,src04,Admissions FAQ - Financial Aid,https://www.heinz.cmu.edu/admissions/faq/financial-aid,general,financial aid and scholarship FAQs,undated,Medium,2026-07-11,563,141,"eed to submit a financial aid application to be considered for scholarships and fellowships; these awards are made at the time of admission. When are scholarships posted? Scholarships are posted to student accounts prior to the start of the semester for registered students and are adjusted as tuition charges change.

External scholarships. Applicants may research additional funding through resources such as CMU's Fellowships and Scholarships Office (FSO), CMU Student Financial Services external scholarship listings, and third-party scholarship search sites."
c022,src04,Admissions FAQ - Financial Aid,https://www.heinz.cmu.edu/admissions/faq/financial-aid,general,financial aid and scholarship FAQs,undated,Medium,2026-07-11,798,200,"ships and Scholarships Office (FSO), CMU Student Financial Services external scholarship listings, and third-party scholarship search sites. Veterans education benefits. Heinz College participates in the G.I. Bill and the Yellow Ribbon program. Eligibility for VA benefits is determined by the Department of Veterans Affairs; students provide their Certificate of Eligibility to CMU's VA Certifying Official. VA education benefits are not taxable.

Federal Work Study. Work study is a federal aid program allowing eligible students to earn money toward education expenses. To be considered, a student must be a U.S. citizen or permanent resident, be eligible for federal financial aid, and submit the FAFSA each year. Work study eligibility is indicated in the student's financial aid offer letter."
c023,src04,Admissions FAQ - Financial Aid,https://www.heinz.cmu.edu/admissions/faq/financial-aid,general,financial aid and scholarship FAQs,undated,Medium,2026-07-11,240,60,Work study eligibility is indicated in the student's financial aid offer letter. Financial wellness. CMU provides financial wellness and debt-management resources through Student Financial Services and the Financial Wellness at CMU website.
c024,src05,Application Checklist - Transcripts,https://www.heinz.cmu.edu/admissions/checklist/transcripts,general,transcript submission and evaluation requirements,undated,Low,2026-07-11,298,74,"Application Checklist — Transcripts

All applicants who have completed (or will complete) their bachelor's degree in the United States must have an official transcript of their undergraduate studies submitted directly to Carnegie Mellon University's Heinz College by their undergraduate university."
c025,src05,Application Checklist - Transcripts,https://www.heinz.cmu.edu/admissions/checklist/transcripts,general,transcript submission and evaluation requirements,undated,Low,2026-07-11,552,138,ranscript of their undergraduate studies submitted directly to Carnegie Mellon University's Heinz College by their undergraduate university. All applicants who have completed (or will complete) their bachelor's degree outside the United States must have a course-by-course transcript evaluation report submitted directly to Heinz College via an approved transcript evaluation service. All international academic documents for applicants to master's programs (except the Master of Medical Management) must be verified by a transcript evaluation service.
c026,src05,Application Checklist - Transcripts,https://www.heinz.cmu.edu/admissions/checklist/transcripts,general,transcript submission and evaluation requirements,undated,Low,2026-07-11,780,195,"documents for applicants to master's programs (except the Master of Medical Management) must be verified by a transcript evaluation service. All applicants must earn a bachelor's degree from a regionally accredited institution (or its equivalent) prior to the date they would begin their studies at Heinz College. Applicants who have not completed their bachelor's degree at the time of application may be admitted on the condition that they submit their final, official transcript, including the date of graduation, prior to the start of their first semester.

Heinz College does not have a required minimum GPA. The Admissions Committee completes a holistic review of each application, considering transcripts, test scores, recommendations, personal statement, and career goals."
c027,src06,Application Checklist - Recommendations,https://www.heinz.cmu.edu/admissions/checklist/recommendations,general,letters of recommendation requirements,undated,Low,2026-07-11,550,138,"Application Checklist — Recommendations

You are required to have two recommendation forms submitted on your behalf. Recommendations should be provided by employers, supervisors, professors, or others who can comment on your professional and educational goals and potential. At least one of your recommenders should know you in a professional setting (full-time employment, internship, part-time employment, research, or non-academic extracurricular activity). You may opt to have up to three recommendations submitted in support of your application."
c028,src06,Application Checklist - Recommendations,https://www.heinz.cmu.edu/admissions/checklist/recommendations,general,letters of recommendation requirements,undated,Low,2026-07-11,765,191,"You may opt to have up to three recommendations submitted in support of your application. Recommendations from friends, family members, acquaintances, and other sources not able to evaluate applicants on an academic or professional basis will not be accepted. Letters of recommendation must be written in or translated into English, and must be submitted electronically through the online application system by your recommenders. Recommendations submitted on paper are not accepted.

You may change or exclude recommenders in the online application. Under the Family Educational Rights and Privacy Act (FERPA), students may waive their right to view letters of recommendation; how you respond to the FERPA waiver question does not affect your chances for admission."
c029,src07,Application Checklist - Video Interview,https://www.heinz.cmu.edu/admissions/checklist/video-interview,general,optional recommended video interview,undated,Low,2026-07-11,473,118,"Application Checklist — Video Interview

A short video interview is optional but strongly recommended. It is especially important for applicants who are unable to visit campus prior to the application deadline or who are non-native English speakers.

You will receive an email invitation to complete the video interview after you submit your online application and after Heinz College receives your official undergraduate transcript (or course-by-course evaluation report)."
c030,src08,Application Checklist - English Language Proficiency,https://www.heinz.cmu.edu/admissions/checklist/exam-results,general,English proficiency exam (TOEFL/IELTS/Duolingo) requirements and minimums,undated,Low,2026-07-11,642,160,"Application Checklist — English Language Proficiency Exam Results

If your native language (mother tongue) is not English, you are required to submit an official score report from the TOEFL, IELTS, or Duolingo English Test. The only exceptions are for applicants who have worked or studied for five or more years in a specified list of English-speaking countries (including Australia, Canada, Ireland, New Zealand, Singapore, South Africa, the United Kingdom, and the United States), or who studied for four years of their undergraduate education in the United States and earned their bachelor's degree from a regionally accredited US school."
c031,src08,Application Checklist - English Language Proficiency,https://www.heinz.cmu.edu/admissions/checklist/exam-results,general,English proficiency exam (TOEFL/IELTS/Duolingo) requirements and minimums,undated,Low,2026-07-11,663,166,"four years of their undergraduate education in the United States and earned their bachelor's degree from a regionally accredited US school. Applicants required to submit scores must have them reported directly to Heinz College by the testing service, and must score at or above the posted minimums. Heinz College's TOEFL institution code is 2176. TOEFL and IELTS/Duolingo scores are accepted up to two years old. Applicants may submit scores from up to four valid exam dates, and Heinz College uses the highest verified score in each section. When required, applicants are strongly encouraged to take the exam at least one month prior to the application deadline."
c032,src08,Application Checklist - English Language Proficiency,https://www.heinz.cmu.edu/admissions/checklist/exam-results,general,English proficiency exam (TOEFL/IELTS/Duolingo) requirements and minimums,undated,Low,2026-07-11,315,79,"When required, applicants are strongly encouraged to take the exam at least one month prior to the application deadline. Note: this requirement applies to international applicants only. The service answers questions about the English-language exam requirement itself but does not provide visa or immigration advice."
c033,src09,Connect With Us,https://www.heinz.cmu.edu/admissions/connect-with-us/,general,ways to reach the admissions team and current students,undated,Low,2026-07-11,443,111,"Connect With Us — Heinz College Events for Prospective Students

Prospective students can connect with the Heinz College admissions office, program directors, and current students on campus, on the road, or online. An events calendar lets prospective students find and register for events; events are color-coded (on-campus in red, off-campus in green, Washington, D.C. events in teal, online events in blue, and student-led events in yellow)."
c034,src09,Connect With Us,https://www.heinz.cmu.edu/admissions/connect-with-us/,general,ways to reach the admissions team and current students,undated,Low,2026-07-11,555,139,"events in teal, online events in blue, and student-led events in yellow). Virtual visits are available for each full-time master's program (AI Systems Management, Arts Management, Entertainment Industry Management, Health Care Analytics, Information Security Policy and Management, Information Systems Management, and Public Policy and Management) and for part-time programs (Information Technology Management and Public Management). Prospective students schedule a virtual visit with the admissions office through the program-specific registration links."
c035,src09,Connect With Us,https://www.heinz.cmu.edu/admissions/connect-with-us/,general,ways to reach the admissions team and current students,undated,Low,2026-07-11,621,155,"Prospective students schedule a virtual visit with the admissions office through the program-specific registration links. Prospective part-time students can also schedule on-campus appointments with admissions, financial aid, and program directors. Organizations can request a group information session by emailing hnzadmit@andrew.cmu.edu or calling 412-268-2164.

Note for prospective Ph.D. students: Heinz cannot accommodate campus or virtual visit requests for prospective Ph.D. applicants, but admitted Ph.D. students are invited to visit campus (typically late March or early April) before responding to their offer."
c036,src10,Contact Heinz College,https://www.heinz.cmu.edu/contact/,general,admissions contact and escalation info,undated,Low,2026-07-11,563,141,"Contact Heinz College

General Inquiries: Heinz College, Carnegie Mellon University, 5000 Forbes Ave, Hamburg Hall, Pittsburgh, PA 15213-3890. Telephone: +1-412-268-2159.

Office of Admissions: Telephone: +1-412-268-2164. Email: hnzadmit@andrew.cmu.edu. For applicant-specific questions, questions about your application status, or requests to apply after a deadline, contact the Office of Admissions directly.

Heinz College Washington, DC Office: Carnegie Mellon University, 444 N. Capitol Street NW, Suite 399, Washington, DC 20001. Telephone: +1-202-403-8600."
c037,src10,Contact Heinz College,https://www.heinz.cmu.edu/contact/,general,admissions contact and escalation info,undated,Low,2026-07-11,328,82,"Capitol Street NW, Suite 399, Washington, DC 20001. Telephone: +1-202-403-8600. Heinz College Los Angeles, CA Office: Carnegie Mellon University, 4640 Lankershim Blvd, Suite 125, North Hollywood, CA 91602. Telephone: +1-818-980-6346.

Media Inquiries: Caitlin Kizielewicz. Telephone: +1-412-554-0074. Email: ckiz@andrew.cmu.edu."
c038,src11,Partner Scholarships,https://www.heinz.cmu.edu/admissions/strategic-partner-scholarship-program,general,"partner scholarships (Peace Corps, AmeriCorps, TFA, City Year)",undated,Medium,2026-07-11,552,138,"Strategic Partner Scholarship Program

Heinz College partners with organizations and institutions to provide financial support that reduces the cost of graduate school. No separate application is necessary — to be considered, indicate your experience, involvement, membership, or affiliation with a partner on your application for admission to Heinz College. If you do not list the partner on your application, you will not be eligible for the award later. Affiliation with more than one partner does not increase the total available scholarship award."
c039,src11,Partner Scholarships,https://www.heinz.cmu.edu/admissions/strategic-partner-scholarship-program,general,"partner scholarships (Peace Corps, AmeriCorps, TFA, City Year)",undated,Medium,2026-07-11,572,143,"Affiliation with more than one partner does not increase the total available scholarship award. Foundational Partners. Applicants affiliated with a Foundational Partner who enroll in a full-time Heinz graduate program are eligible for a minimum scholarship equal to 50% and up to 100% of tuition. Foundational Partners include AmeriCorps VISTA, City Year, the Peace Corps Paul D. Coverdell Fellowship, Teach For America, the Fulbright Scholar Program, the Coro Fellowship, the Congressional Hunger Center, and the Chicano Latino Youth Leadership Project (Comcast Fellows)."
c040,src11,Partner Scholarships,https://www.heinz.cmu.edu/admissions/strategic-partner-scholarship-program,general,"partner scholarships (Peace Corps, AmeriCorps, TFA, City Year)",undated,Medium,2026-07-11,550,138,"ht Scholar Program, the Coro Fellowship, the Congressional Hunger Center, and the Chicano Latino Youth Leadership Project (Comcast Fellows). Strategic Partners. Applicants affiliated with a Strategic Partner are eligible for a minimum scholarship equal to 30% and up to 100% of tuition. Strategic Partners include AmeriCorps (State and National), Govern for America, Lead For America, the Truman Scholarship Foundation, Women in CyberSecurity (WiCyS), Coding it Forward, the Congressional Hispanic Caucus Institute, the Bonner Foundation, and others."
c041,src11,Partner Scholarships,https://www.heinz.cmu.edu/admissions/strategic-partner-scholarship-program,general,"partner scholarships (Peace Corps, AmeriCorps, TFA, City Year)",undated,Medium,2026-07-11,465,116,"undation, Women in CyberSecurity (WiCyS), Coding it Forward, the Congressional Hispanic Caucus Institute, the Bonner Foundation, and others. Regional and National Education Partners. Current undergraduates or graduates of partner colleges and universities are eligible for a minimum of 30% and up to 100% of tuition. Education Partners include Carnegie Mellon University, Allegheny College, Denison University, Grove City College, Saint Vincent College, and others."
c042,src11,Partner Scholarships,https://www.heinz.cmu.edu/admissions/strategic-partner-scholarship-program,general,"partner scholarships (Peace Corps, AmeriCorps, TFA, City Year)",undated,Medium,2026-07-11,704,176,"n Partners include Carnegie Mellon University, Allegheny College, Denison University, Grove City College, Saint Vincent College, and others. Other opportunities. Additional agreements include the Government Service Scholarship (MSPPM applicants with 12+ months of full-time U.S. government service receive a minimum tuition scholarship of $8,000 per semester), the West Point / U.S. Military Academy scholarship (minimum 50% of tuition), the Pittsburgh Water and Sewer Authority scholarship (minimum 30%), the William D. Clarke, Sr. Diplomatic Security Fellowship (full tuition plus a living stipend; application deadline extended to March 10; limited to MSISPM and MSPPM tracks), and the GEM Fellowship."
c043,src11,Partner Scholarships,https://www.heinz.cmu.edu/admissions/strategic-partner-scholarship-program,general,"partner scholarships (Peace Corps, AmeriCorps, TFA, City Year)",undated,Medium,2026-07-11,360,90,"(full tuition plus a living stipend; application deadline extended to March 10; limited to MSISPM and MSPPM tracks), and the GEM Fellowship. Eligibility note. Several scholarships and fellowships are limited to U.S. citizens and permanent residents. Part-time students eligible for these opportunities receive an equivalent percentage throughout their studies."
c044,src12,Programs (index),https://www.heinz.cmu.edu/programs/index,general,list of Heinz master's programs; differences among programs,undated,Low,2026-07-11,271,68,"Heinz College Programs (Index)

Heinz College offers master's, doctoral, bachelor's, and certificate programs across two schools (the School of Information Systems & Management and the School of Public Policy & Management) plus College of Fine Arts joint-degree programs."
c045,src12,Programs (index),https://www.heinz.cmu.edu/programs/index,general,list of Heinz master's programs; differences among programs,undated,Low,2026-07-11,748,187,"he School of Information Systems & Management and the School of Public Policy & Management) plus College of Fine Arts joint-degree programs. Full-time master's programs: Master of Science in Public Policy and Management (MSPPM), including the Data Analytics pathway (MSPPM-DA) and the Washington, D.C. pathway (MSPPM-DC); Master of Science in Artificial Intelligence Systems Management (AIM); Master of Information Systems Management (MISM), including the Business Intelligence & Data Analytics pathway (BIDA); Master of Arts Management (MAM); Master of Science in Information Security Policy & Management (MSISPM); Master of Entertainment Industry Management (MEIM); and Master of Science in Health Care Analytics & Information Technology (MSHCA)."
c046,src12,Programs (index),https://www.heinz.cmu.edu/programs/index,general,list of Heinz master's programs; differences among programs,undated,Low,2026-07-11,734,184,"SISPM); Master of Entertainment Industry Management (MEIM); and Master of Science in Health Care Analytics & Information Technology (MSHCA). Part-time master's programs: Master of Medical Management for Physicians (MMM); Master of Public Management (MPM); and the online Master of Science in Information Technology (MSIT), which includes IT Management, Business Intelligence & Data Analytics, and Information Security & Assurance tracks.

Doctoral programs: Ph.D. in Public Policy & Management and Ph.D. in Information Systems & Management.

Undergraduate: Bachelor of Science in Information Systems.

Certificate and executive-education programs are also offered, including Managing AI Systems and several chief-officer certificates."
c047,src12,Programs (index),https://www.heinz.cmu.edu/programs/index,general,list of Heinz master's programs; differences among programs,undated,Low,2026-07-11,482,120,"Certificate and executive-education programs are also offered, including Managing AI Systems and several chief-officer certificates. Prospective applicants can filter programs by frequency (full-time or part-time), degree type, area of interest (the arts, entertainment, data analytics, technology, health care, public policy, cybersecurity, smart cities), years of work experience, programming experience, and location (Pittsburgh, Los Angeles, Washington, D.C., or online/hybrid)."
c048,src13,2026-2027 Graduate Tuition (SFS),https://www.cmu.edu/sfs/tuition/graduate/index.html,general,tuition and fees by program,2026-2027 rates,High,2026-07-11,662,166,"2026-2027 Heinz College Graduate Tuition and Fees

These are the 2026-2027 tuition and fee rates for Heinz College of Information Systems and Public Policy graduate programs. Tuition is set annually by Carnegie Mellon University Student Financial Services and is subject to change each academic year.

Master of Arts Management (MAM): Tuition $29,570 per semester; Fees $518 per semester.

Heinz College Ph.D. Programs: Tuition $29,570 per semester; Fees $518 per semester.

Master of Entertainment Industry Management (MEIM): Tuition $29,570 per semester; Fees vary.

Master of Information Systems Management (MISM): Tuition varies (charged by unit); Fees vary."
c049,src13,2026-2027 Graduate Tuition (SFS),https://www.cmu.edu/sfs/tuition/graduate/index.html,general,tuition and fees by program,2026-2027 rates,High,2026-07-11,701,175,"Master of Information Systems Management (MISM): Tuition varies (charged by unit); Fees vary. Master of Medical Management (MMM): Tuition varies; Fees vary.

Master of Public Management (MPM): Tuition $620 per unit; Fees $518 per semester.

Master of Science in Artificial Intelligence Systems Management (AIM): Tuition varies; Fees $518 per semester.

Master of Science in Health Care Analytics and Information Technology (MSHCA): Tuition $29,570 per semester; Fees $518 per semester.

Master of Science in Information Security Policy and Management (MSISPM): Tuition $29,570 per semester; Fees $518 per semester.

Master of Science in Information Technology (MSIT): Tuition $620 per unit; Fees vary."
c050,src13,2026-2027 Graduate Tuition (SFS),https://www.cmu.edu/sfs/tuition/graduate/index.html,general,tuition and fees by program,2026-2027 rates,High,2026-07-11,357,89,"Master of Science in Information Technology (MSIT): Tuition $620 per unit; Fees vary. Master of Science in Public Policy and Management (MSPPM): Tuition $29,570 per semester; Fees vary.

For programs listed as ""varies,"" exact tuition depends on the number of units enrolled; refer to the program-specific Student Financial Services tuition page for details."
c051,src14,Cost of Attendance (SFS),https://www.cmu.edu/sfs/tuition/index.html,general,total cost of attendance overview,2026-2027 rates,High,2026-07-11,433,108,"Cost of Attendance (CMU Student Financial Services)

Cost of Attendance is an estimate of expenses while enrolled at Carnegie Mellon University. It includes direct costs such as tuition, fees, housing, and meals, as well as indirect costs such as books, transportation, and personal expenses. Indirect costs are not billed by the university, but both direct and indirect costs are considered when CMU determines financial aid offers."
c052,src14,Cost of Attendance (SFS),https://www.cmu.edu/sfs/tuition/index.html,general,total cost of attendance overview,2026-2027 rates,High,2026-07-11,663,166,"Indirect costs are not billed by the university, but both direct and indirect costs are considered when CMU determines financial aid offers. Graduate tuition rates are set by each college or school (undergraduate tuition is set by the Board of Trustees and university leadership). Current tuition and fee schedules are published for the 2026-2027 and 2025-2026 academic years, with separate graduate and undergraduate pages, plus rates for visiting/non-degree students and summer sessions.

Questions about costs: prospective students can contact the Office of Admission at admission@andrew.cmu.edu; enrolled students can contact The HUB at thehub@andrew.cmu.edu."
c053,src15,AIM - Financial Aid & Scholarships,https://www.heinz.cmu.edu/programs/artificial-intelligence-masters/financial-aid-and-scholarships,program-specific (AIM),program-specific scholarships and aid,AY2026-27 cycle,Medium,2026-07-11,677,169,"Affording Your AI Master's Degree (AIM) — Scholarships and Student Finances

Many AIM students receive a scholarship from Heinz College to reduce the cost of their degree. Applicants should indicate on the application for admission that they wish to be considered for merit-based support.

AI Systems Management Program Scholarships. Merit-based scholarships awarded on the basis of the application for admission, ranging from 10% to 75% of tuition. Every admitted student is considered; no additional application or documentation is required. Recipients may also earn $5,000–$6,000 per academic year through a research assistantship or part-time work for non-tuition expenses."
c054,src15,AIM - Financial Aid & Scholarships,https://www.heinz.cmu.edu/programs/artificial-intelligence-masters/financial-aid-and-scholarships,program-specific (AIM),program-specific scholarships and aid,AY2026-27 cycle,Medium,2026-07-11,847,212,"Recipients may also earn $5,000–$6,000 per academic year through a research assistantship or part-time work for non-tuition expenses. Other AIM scholarships and fellowships. Excellence in Technology Fellowships (a limited number of half-tuition awards); American Technology Fellowships (minimum $10,000 per semester up to full tuition, for U.S. citizens committed to IT management); the David Lingren Fellowship for Technology and Society (an additional $2,000 per semester plus a research assistantship with the Block Center); the Student Experience & Engagement (SEE) Fellowship (up to 50% tuition plus an RA role); the Deliberative Discourse Fellowship (an additional $2,000 per semester); and Pittsburgh Regional Leaders Scholarships. Some fellowships require an additional application, offered to students admitted by the January 10 deadline."
c055,src15,AIM - Financial Aid & Scholarships,https://www.heinz.cmu.edu/programs/artificial-intelligence-masters/financial-aid-and-scholarships,program-specific (AIM),program-specific scholarships and aid,AY2026-27 cycle,Medium,2026-07-11,697,174,"Some fellowships require an additional application, offered to students admitted by the January 10 deadline. Partnership and education-partner scholarships. Applicants affiliated with a strategic partner organization, or who completed a bachelor's degree at a regional/national education partner, are eligible for partnership-based scholarships (education partners: 30% up to 100% of tuition). Indicate the affiliation on the application for admission.

Veterans. U.S. military veterans not receiving 100% tuition benefits through the VA are eligible for a scholarship of up to 30% of tuition, also available to spouses and children of veterans. Heinz also has a Fallen Heroes Scholarship Program."
c056,src15,AIM - Financial Aid & Scholarships,https://www.heinz.cmu.edu/programs/artificial-intelligence-masters/financial-aid-and-scholarships,program-specific (AIM),program-specific scholarships and aid,AY2026-27 cycle,Medium,2026-07-11,385,96,"Heinz also has a Fallen Heroes Scholarship Program. Student employment and loans. Students may be eligible for Federal Work Study, Federal Community Service Work Study, or non-federal work study positions (typically $17/hour; students can access up to $18,000 in work-study awards). Federal direct loans and private education loans are available through CMU Student Financial Services."
c057,src15,AIM - Financial Aid & Scholarships,https://www.heinz.cmu.edu/programs/artificial-intelligence-masters/financial-aid-and-scholarships,program-specific (AIM),program-specific scholarships and aid,AY2026-27 cycle,Medium,2026-07-11,675,169,"Federal direct loans and private education loans are available through CMU Student Financial Services. General scholarship terms. Heinz scholarships and fellowships are typically renewable for subsequent semesters but are not guaranteed, and may be reduced or rescinded for reasons such as changing the program of study, enrolling in fewer units, extending program length, deferring admission, failing to make satisfactory academic progress, or submitting inaccurate application information. Total scholarship from all sources generally may not exceed tuition and fees. Estimated cost of attendance for AIM students is published on the CMU Student Financial Services website."
c058,src16,CMU Graduate Funding Opportunities & Fellowships,https://www.cmu.edu/graduate/funding/index.html,general (CMU-wide),university-wide fellowships and funding,undated,Low,2026-07-11,547,137,"CMU Funding Opportunities and Fellowships (Office of Graduate and Postdoctoral Affairs)

The Office of Graduate and Postdoctoral Affairs administers some of the financial support available to graduate students, and there are several fellowship and scholarship opportunities for prospective graduate students. Information on tuition and fees is on the Student Financial Services website; prospective students should also review the Prospective Graduate Student Information page and consult their department and advisor for additional opportunities."
c059,src16,CMU Graduate Funding Opportunities & Fellowships,https://www.cmu.edu/graduate/funding/index.html,general (CMU-wide),university-wide fellowships and funding,undated,Low,2026-07-11,523,131,"should also review the Prospective Graduate Student Information page and consult their department and advisor for additional opportunities. Funding support for current graduate students includes Conference Funding (to present at conferences in their field), Professional Engagement Funding (for conferences and other professional opportunities), and Scholarly Project Funding (small grants of $750 toward research required for a graduate degree). Stipend details vary by program and should be confirmed with the department."
c060,src16,CMU Graduate Funding Opportunities & Fellowships,https://www.cmu.edu/graduate/funding/index.html,general (CMU-wide),university-wide fellowships and funding,undated,Low,2026-07-11,447,112,"Stipend details vary by program and should be confirmed with the department. Fellowship opportunities for prospective graduate students include the CMU Rales Fellows Program, which is dedicated to cultivating the next generation of STEM leaders by increasing access to graduate education. Additional resources include CMU's Fellowships and Scholarships Office (FSO), student emergency support funding, and higher-education tax benefit information."
c061,src17,CMU Prospective Graduate Student Information,https://www.cmu.edu/graduate/prospective/,general (CMU-wide),university-wide graduate admissions policy and financial support,undated,Low,2026-07-11,288,72,"Carnegie Mellon University — Prospective Graduate Student Information (Office of Graduate and Postdoctoral Affairs)

Carnegie Mellon University is home to master's and doctoral programs within its seven schools and colleges, and also offers online programs and interdisciplinary programs."
c062,src17,CMU Prospective Graduate Student Information,https://www.cmu.edu/graduate/prospective/,general (CMU-wide),university-wide graduate admissions policy and financial support,undated,Low,2026-07-11,826,206,"ome to master's and doctoral programs within its seven schools and colleges, and also offers online programs and interdisciplinary programs. Admission and application process. Each program manages its own separate admissions process, including deadlines and requirements, and this information varies by department. Prospective students are encouraged to visit the department's website for specific details. A student's qualifications are not assessed until a full application has been received and processed. Applicants are welcome to apply to more than one program, but in most cases must complete separate applications for each. All admissions-related questions — including where to submit transcripts, exam requirements, and how to set up a visit — should be directed to the department in which the applicant is interested."
c063,src17,CMU Prospective Graduate Student Information,https://www.cmu.edu/graduate/prospective/,general (CMU-wide),university-wide graduate admissions policy and financial support,undated,Low,2026-07-11,715,179,"ubmit transcripts, exam requirements, and how to set up a visit — should be directed to the department in which the applicant is interested. Tuition and financial support. For the most part, students in the master's programs are self-supporting, and Ph.D. students are at least partially funded. Each program makes its own arrangements regarding financial support of potential graduate students. Applicants should seek information from the department of interest for their specific opportunities. More information regarding tuition and fees is available on the Student Financial Services website, and centralized fellowship and funding resources are available through the Funding Opportunities and Fellowships page."
c064,src17,CMU Prospective Graduate Student Information,https://www.cmu.edu/graduate/prospective/,general (CMU-wide),university-wide graduate admissions policy and financial support,undated,Low,2026-07-11,271,68,"ial Services website, and centralized fellowship and funding resources are available through the Funding Opportunities and Fellowships page. The Heinz College of Information Systems and Public Policy is one of the seven schools and colleges at Carnegie Mellon University."
c065,src18,CMU Academic Calendar (The HUB),https://www.cmu.edu/hub/calendar/,general (CMU-wide),term start/end dates and academic calendar,AY2026-27,High,2026-07-11,513,128,"CMU Academic Calendar (The HUB)

The Academic Calendar is Carnegie Mellon University's information source and planning document for important dates. It includes registration dates, class start dates, add/drop deadlines, exam dates, and more.

Doctoral course-sections follow a separate academic calendar, and Heinz College maintains its own academic calendar (distinct from the university-wide calendar). Separate calendars also exist for the Tepper School of Business graduate courses, CMU-Africa, and CMU-Qatar."
c066,src18,CMU Academic Calendar (The HUB),https://www.cmu.edu/hub/calendar/,general (CMU-wide),term start/end dates and academic calendar,AY2026-27,High,2026-07-11,518,130,"Separate calendars also exist for the Tepper School of Business graduate courses, CMU-Africa, and CMU-Qatar. Full academic calendars are published per academic year as downloadable documents (for example, the 2025-2026 and 2026-2027 academic years), including iCal and Google Calendar formats and Pittsburgh class-meeting-day schedules. Specific term start dates and deadlines are listed in those linked calendar documents. Questions can be directed to the University Registrar's Office at cmuregistrar@andrew.cmu.edu."
c067,src19,AIM - Program Overview,https://www.heinz.cmu.edu/programs/artificial-intelligence-masters/,program-specific (AIM),"program format, duration, deadlines, degree, STEM",AY2026-27 cycle,Medium,2026-07-11,481,120,"Master of Science in Artificial Intelligence Systems Management (AIM) — Program Overview

Key program information. Program length: 16 months, 3 semesters plus internship (AIM with internship), or 12 months, 3 semesters (fast track). Application deadlines: December 1 (Round 1), January 10 (Round 2), February 2 (Round 3). Degree earned: Master of Science. Internship: required for AIM with internship, not required for the AIM accelerated (fast track) option. STEM-designated: Yes."
c068,src19,AIM - Program Overview,https://www.heinz.cmu.edu/programs/artificial-intelligence-masters/,program-specific (AIM),"program format, duration, deadlines, degree, STEM",AY2026-27 cycle,Medium,2026-07-11,700,175,"Internship: required for AIM with internship, not required for the AIM accelerated (fast track) option. STEM-designated: Yes. The Master of Science in Artificial Intelligence Systems Management (AIM) program is housed in Carnegie Mellon University's Heinz College and teaches students to put AI to work for businesses and stakeholders. Every AIM student completes a capstone project, engaging directly with Heinz College's network of industry collaborators.

In the 16-month program with required internship, students work alongside industry leaders and complete an internship. In the fast-track 12-month AIM program, an internship is not required. The AIM degree is a STEM-designated degree program."
c069,src20,MISM - Program Overview,https://www.heinz.cmu.edu/programs/information-systems-management-master/,program-specific (MISM),"program format, duration, tracks (incl. BIDA)",AY2026-27 cycle,Medium,2026-07-11,411,103,"Master of Information Systems Management (MISM) — Program Overview

Key program information. Program length: 16 months, 3 semesters plus internship. Application deadlines: December 1 (Round 1), January 10 (Round 2), February 2 (Round 3). Degree earned: Master's degree. Internship: required (a waiver can be requested based on three-plus years of prior relevant full-time work experience). STEM-designated: Yes."
c070,src20,MISM - Program Overview,https://www.heinz.cmu.edu/programs/information-systems-management-master/,program-specific (MISM),"program format, duration, tracks (incl. BIDA)",AY2026-27 cycle,Medium,2026-07-11,488,122,"STEM-designated: Yes. The Master of Information Systems Management (MISM) program blends technical and leadership skills, with coursework in data analysis and hands-on learning through internships and capstone projects with industry clients. MISM offers two academic tracks: the Information Systems Traditional Track (16-month) and the Business Intelligence and Data Analytics (BIDA) pathway, along with optional concentrations. Heinz College is the #1 ranked Information Systems program."
c071,src21,MSPPM - Program Overview,https://www.heinz.cmu.edu/programs/public-policy-management-master/,program-specific (MSPPM),"program format, duration, tracks",AY2026-27 cycle,Medium,2026-07-11,389,97,"Master of Science in Public Policy and Management (MSPPM) — Program Overview

Key program information. Program length: 2 years, 4 semesters (a 3-semester track is available for some students). Application deadlines: December 1 (Round 1), January 10 (Round 2), February 2 (Round 3). Degree earned: Master of Science. Internship: required (except the 3-semester track). STEM-designated: Yes."
c072,src21,MSPPM - Program Overview,https://www.heinz.cmu.edu/programs/public-policy-management-master/,program-specific (MSPPM),"program format, duration, tracks",AY2026-27 cycle,Medium,2026-07-11,643,161,"Degree earned: Master of Science. Internship: required (except the 3-semester track). STEM-designated: Yes. The Master of Science in Public Policy and Management (MSPPM) program combines policy curriculum with instruction in statistics, economics, finance, organizational design, and presentation skills. MSPPM offers several tracks: the Flagship (Pittsburgh two-year) track, the Data Analytics track, the Washington, D.C. track, and the Fast Track (three-semester), along with policy concentrations and dual-degree options. Heinz College's Public Policy and Management program is ranked No. 8 in the United States by U.S. News & World Report."
c073,src22,MSISPM - Program Overview,https://www.heinz.cmu.edu/programs/information-security-policy-management-master/,program-specific (MSISPM),"program format, duration, degree",AY2026-27 cycle,Medium,2026-07-11,322,80,"Master of Science in Information Security Policy and Management (MSISPM) — Program Overview

Key program information. Program length: 2 years, 4 semesters. Application deadlines: December 1 (Round 1), January 10 (Round 2), February 2 (Round 3). Degree earned: Master of Science. Internship: required. STEM-designated: Yes."
c074,src22,MSISPM - Program Overview,https://www.heinz.cmu.edu/programs/information-security-policy-management-master/,program-specific (MSISPM),"program format, duration, degree",AY2026-27 cycle,Medium,2026-07-11,584,146,"Degree earned: Master of Science. Internship: required. STEM-designated: Yes. The Master of Science in Information Security Policy and Management (MSISPM) program is a cybersecurity master's covering digital security, physical security, insider threat, network defenses, data analytics, and management. It is taught by Heinz College faculty and practitioners from the CERT Division of CMU's Software Engineering Institute. Carnegie Mellon is designated by the NSA and Department of Homeland Security as a Center of Academic Excellence in Cyber Defense, Cyber Operations, and Research."
c075,src23,MSHCA - Program Overview,https://www.heinz.cmu.edu/programs/health-care-analytics-master/,program-specific (MSHCA),"program format, duration, degree",AY2026-27 cycle,Medium,2026-07-11,327,82,"Master of Science in Health Care Analytics and Information Technology (MSHCA) — Program Overview

Key program information. Program length: 2 years, 4 semesters. Application deadlines: December 1 (Round 1), January 10 (Round 2), February 2 (Round 3). Degree earned: Master of Science. Internship: required. STEM-designated: Yes."
c076,src23,MSHCA - Program Overview,https://www.heinz.cmu.edu/programs/health-care-analytics-master/,program-specific (MSHCA),"program format, duration, degree",AY2026-27 cycle,Medium,2026-07-11,660,165,"Degree earned: Master of Science. Internship: required. STEM-designated: Yes. The Master of Science in Health Care Analytics and Information Technology (MSHCA) program is an interdisciplinary program blending health care, information technology, and data analytics to improve patient outcomes and streamline health care operations. Students learn to manage and analyze health data, implement health information systems, and lead projects that improve health care delivery, preparing for roles in hospitals, research institutions, public health organizations, and the health care technology industry. Graduates earn an average starting salary of about $105,000."
c077,src24,MAM - Program Overview,https://www.heinz.cmu.edu/programs/arts-management-master/,program-specific (MAM),"program format, duration, degree",AY2026-27 cycle,Medium,2026-07-11,278,70,"Master of Arts Management (MAM) — Program Overview

Key program information. Program length: 2 years, 4 semesters. Application deadlines: December 1 (Round 1), January 10 (Round 2), February 2 (Round 3). Degree earned: Master's degree. Internship: required. STEM-designated: No."
c078,src24,MAM - Program Overview,https://www.heinz.cmu.edu/programs/arts-management-master/,program-specific (MAM),"program format, duration, degree",AY2026-27 cycle,Medium,2026-07-11,537,134,"Degree earned: Master's degree. Internship: required. STEM-designated: No. The Master of Arts Management (MAM) program is a joint degree program with Carnegie Mellon University's College of Fine Arts. It centers on the intersection of people, policy, and technology with an arts focus, combining courses in analytics and quantitative management with industry-centered experiential learning to prepare leaders for arts and cultural institutions. MAM students take classes with faculty from both Heinz College and the College of Fine Arts."
c079,src25,AIM - Admissions / How to Apply,https://www.heinz.cmu.edu/programs/artificial-intelligence-masters/admissions-how-to-apply,program-specific (AIM),"program deadlines, prerequisites, GRE/GMAT policy",AY2026-27 cycle,Medium,2026-07-11,377,94,"Master of Science in Artificial Intelligence Systems Management (AIM) — Application Process

Application deadlines. Round 1 deadline: December 1, 2026. Round 2 deadline: January 10, 2027. Round 3 deadline: February 1, 2027. Applicants for all three rounds of admission are given equal consideration for merit-based scholarships, competitive scholarships, and fellowship awards."
c080,src25,AIM - Admissions / How to Apply,https://www.heinz.cmu.edu/programs/artificial-intelligence-masters/admissions-how-to-apply,program-specific (AIM),"program deadlines, prerequisites, GRE/GMAT policy",AY2026-27 cycle,Medium,2026-07-11,551,138,"r all three rounds of admission are given equal consideration for merit-based scholarships, competitive scholarships, and fellowship awards. Admission decision timelines. Students who submit their application and supporting materials by December 1 (Round 1) receive their admission decision by the end of January. Round 2 (January 10) decisions are released by the middle of March. Round 3 (February 1) decisions are released by the end of March. Round 3 is the latest deadline for full consideration for competitive scholarship and fellowship awards."
c081,src25,AIM - Admissions / How to Apply,https://www.heinz.cmu.edu/programs/artificial-intelligence-masters/admissions-how-to-apply,program-specific (AIM),"program deadlines, prerequisites, GRE/GMAT policy",AY2026-27 cycle,Medium,2026-07-11,531,133,"Round 3 is the latest deadline for full consideration for competitive scholarship and fellowship awards. Applying after the deadlines. Heinz continues to accept applications after the published deadlines if space remains in the incoming class; contact the Office of Admissions to apply after February 1. Late applicants receive a decision approximately four weeks after their complete application is received and processed. On June 15, 2027, the application system closes for the full-time master's incoming cohort for August 2027."
c082,src25,AIM - Admissions / How to Apply,https://www.heinz.cmu.edu/programs/artificial-intelligence-masters/admissions-how-to-apply,program-specific (AIM),"program deadlines, prerequisites, GRE/GMAT policy",AY2026-27 cycle,Medium,2026-07-11,740,185,"On June 15, 2027, the application system closes for the full-time master's incoming cohort for August 2027. Required application materials. A completed online application (there is no application fee); official transcripts (US applicants) or a course-by-course transcript evaluation report (international applicants); a professional one- to two-page résumé; two recommendations (up to three allowed, at least one professional, submitted electronically in English); and the required essay. All applicants must earn a bachelor's degree from a regionally accredited institution before beginning studies; applicants who have not finished may be admitted on the condition that they submit a final official transcript before their first semester."
c083,src25,AIM - Admissions / How to Apply,https://www.heinz.cmu.edu/programs/artificial-intelligence-masters/admissions-how-to-apply,program-specific (AIM),"program deadlines, prerequisites, GRE/GMAT policy",AY2026-27 cycle,Medium,2026-07-11,542,136,"applicants who have not finished may be admitted on the condition that they submit a final official transcript before their first semester. Required essay. The essay should address three questions — career goals, prior experience, and why Heinz College — with a recommended length of 700 words minimum (up to about 1,100 words). Applicants may not use AI tools such as ChatGPT to write any portion of the essay. An optional essay of up to 250 words may address gaps or weaknesses. A short video interview is optional but strongly recommended."
c084,src25,AIM - Admissions / How to Apply,https://www.heinz.cmu.edu/programs/artificial-intelligence-masters/admissions-how-to-apply,program-specific (AIM),"program deadlines, prerequisites, GRE/GMAT policy",AY2026-27 cycle,Medium,2026-07-11,697,174,"An optional essay of up to 250 words may address gaps or weaknesses. A short video interview is optional but strongly recommended. GRE/GMAT policy. GRE/GMAT scores are required, but applicants can qualify for a waiver by submitting one or more of: (1) evidence of prior quantitative coursework — a grade of B or higher in a college-level, credit-bearing Pre-Calculus class or higher (AP or IB Precalculus/Calculus counts if it appears as college credit on the transcript); or (2) an undergraduate degree from Carnegie Mellon University. Approval of a waiver is at the discretion of the admissions committee. Prospective AIM students are not eligible for a GRE/GMAT waiver based on work experience."
c085,src25,AIM - Admissions / How to Apply,https://www.heinz.cmu.edu/programs/artificial-intelligence-masters/admissions-how-to-apply,program-specific (AIM),"program deadlines, prerequisites, GRE/GMAT policy",AY2026-27 cycle,Medium,2026-07-11,642,160,"Prospective AIM students are not eligible for a GRE/GMAT waiver based on work experience. Prerequisite quantitative and technical preparation. The AIM program is quantitatively focused. Before starting classes, students must have completed college/university-level coursework in: (1) Pre-Calculus (a calculus class or higher also satisfies this), (2) Introductory Statistics, and (3) Introductory Python programming (Java and C++ are also acceptable). Applicants who do not meet all three at the time of application may be offered conditional admission and required to complete the missing courses over the summer before their first semester."
c086,src25,AIM - Admissions / How to Apply,https://www.heinz.cmu.edu/programs/artificial-intelligence-masters/admissions-how-to-apply,program-specific (AIM),"program deadlines, prerequisites, GRE/GMAT policy",AY2026-27 cycle,Medium,2026-07-11,563,141,"f application may be offered conditional admission and required to complete the missing courses over the summer before their first semester. Courses must be college-level at an accredited institution, for credit, and completed with a grade of B or higher; they may be taken on campus or online. Courses from Coursera or other MOOC platforms do not meet the prerequisite requirement. Admitted students who have not completed a programming course must take and pass a free online ""Introduction to Python"" course offered by Heinz College the summer before enrolling."
c087,src25,AIM - Admissions / How to Apply,https://www.heinz.cmu.edu/programs/artificial-intelligence-masters/admissions-how-to-apply,program-specific (AIM),"program deadlines, prerequisites, GRE/GMAT policy",AY2026-27 cycle,Medium,2026-07-11,271,68,"a programming course must take and pass a free online ""Introduction to Python"" course offered by Heinz College the summer before enrolling. Questions about admission and prerequisites can be directed to the Office of Admissions at hnzadmit@andrew.cmu.edu or 412-268-2164."
c088,src26,MISM - Admissions / How to Apply,https://www.heinz.cmu.edu/programs/information-systems-management-master/admissions-how-to-apply,program-specific (MISM),"program deadlines, tracks, required materials",AY2026-27 cycle,Medium,2026-07-11,493,123,"Master of Information Systems Management (MISM) — Application Process

The Master of Information Systems Management program has two academic tracks emphasizing multidisciplinary thinking, teamwork, and leadership through experiential learning and co-curricular programming. Some pathways have different application requirements, so applicants should review the application deadline and requirements before beginning the online application. The MISM program is a STEM-designated degree program."
c089,src26,MISM - Admissions / How to Apply,https://www.heinz.cmu.edu/programs/information-systems-management-master/admissions-how-to-apply,program-specific (MISM),"program deadlines, tracks, required materials",AY2026-27 cycle,Medium,2026-07-11,432,108,"The MISM program is a STEM-designated degree program. Application deadlines. Round 1 deadline: December 1, 2026. Round 2 deadline: January 10, 2027. Round 3 deadline: February 1, 2027. Applicants for all three rounds of admission are given equal consideration for merit-based scholarships, competitive scholarships, and fellowship awards.

Round 1 (December 1) is best for applicants who want the earliest decision (end of January)."
c090,src26,MISM - Admissions / How to Apply,https://www.heinz.cmu.edu/programs/information-systems-management-master/admissions-how-to-apply,program-specific (MISM),"program deadlines, tracks, required materials",AY2026-27 cycle,Medium,2026-07-11,506,126,"Round 1 (December 1) is best for applicants who want the earliest decision (end of January). What do I need to submit to be considered for admission within a specific round? Students should submit their application form and the required supporting materials by the listed deadline date: essay, resume, two recommendations, official transcript or evaluation report for the bachelor's degree, and official test scores (if applicable). The Admissions Committee completes a holistic review of each application."
c091,src27,MSPPM - Admissions / How to Apply,https://www.heinz.cmu.edu/programs/public-policy-management-master/admissions-how-to-apply,program-specific (MSPPM),"program deadlines, prerequisites, tracks",Aug 2026 cycle (as published),Medium,2026-07-11,938,234,"Master of Science in Public Policy and Management (MSPPM) — Application Process Master of Science in Public Policy and Management (MSPPM) — Application Process Application deadlines (as published for the August 2026 start; at time of access this page had not yet been updated for the next cycle). Round 1 deadline: December 1, 2025. Round 2 deadline: January 10, 2026. Round 3 deadline: February 2, 2026. Heinz continues to accept applications after the published deadlines if space remains in the incoming class; contact the Office of Admissions to apply after February 2. Prospective students who do not apply by the published deadlines are still considered for merit-based scholarship support from their program. On June 15, 2026, the application system closed for the full-time master's incoming cohort for August 2026. Applicants after Round 3 receive a decision approximately four weeks after their complete application is received."
c092,src27,MSPPM - Admissions / How to Apply,https://www.heinz.cmu.edu/programs/public-policy-management-master/admissions-how-to-apply,program-specific (MSPPM),"program deadlines, prerequisites, tracks",Aug 2026 cycle (as published),Medium,2026-07-11,705,176,"Applicants after Round 3 receive a decision approximately four weeks after their complete application is received. Required application materials. The required supporting materials are the essay, résumé, two recommendations, an official transcript or evaluation report for the bachelor's degree, and official test scores (if applicable).

GRE/GMAT policy. GRE/GMAT scores are required, but applicants may qualify for a waiver by submitting evidence of prior quantitative coursework — a grade of B or higher in a college-level, credit-bearing math class listed on an official transcript. Approval of a waiver request is at the discretion of the admissions committee, which assesses applicants holistically."
c093,src28,MSISPM - Admissions / How to Apply,https://www.heinz.cmu.edu/programs/information-security-policy-management-master/admissions-how-to-apply,program-specific (MSISPM),"program deadlines, prerequisites",AY2026-27 cycle,Medium,2026-07-11,545,136,"Master of Science in Information Security Policy and Management (MSISPM) — Application Process

Application deadlines. Round 1 deadline: December 1, 2026. Round 2 deadline: January 10, 2027. Round 3 deadline: February 1, 2027. Applicants for all three rounds of admission are given equal consideration for merit-based scholarships, competitive scholarships, and fellowship awards. Round 1 applicants receive the earliest admission decision (by the end of January); later rounds receive decisions on a rolling basis after materials are processed."
c094,src28,MSISPM - Admissions / How to Apply,https://www.heinz.cmu.edu/programs/information-security-policy-management-master/admissions-how-to-apply,program-specific (MSISPM),"program deadlines, prerequisites",AY2026-27 cycle,Medium,2026-07-11,807,202,"ve the earliest admission decision (by the end of January); later rounds receive decisions on a rolling basis after materials are processed. Required application materials. Students should submit their application form and the required supporting materials by the listed deadline: the essay, résumé, two recommendations, an official transcript or evaluation report for the bachelor's degree, and official test scores (if applicable).

GRE/GMAT policy. GRE/GMAT scores are required, but applicants may qualify for a waiver by submitting evidence of prior quantitative coursework — a grade of B or higher in a college-level, credit-bearing College Algebra class (or a higher level of math). Approval of a waiver request is at the discretion of the admissions committee, which assesses applicants holistically."
c095,src29,MSHCA - Admissions / How to Apply,https://www.heinz.cmu.edu/programs/health-care-analytics-master/admissions-how-to-apply,program-specific (MSHCA),"program deadlines, prerequisites",AY2026-27 cycle,Medium,2026-07-11,811,203,"Master of Science in Health Care Analytics and Information Technology (MSHCA) — Application Process Master of Science in Health Care Analytics and Information Technology (MSHCA) — Application Process Application deadlines. Round 1 deadline: December 1, 2026. Round 2 deadline: January 10, 2027. Round 3 deadline: February 1, 2027. Applicants for all three rounds are given equal consideration for merit-based, competitive, and fellowship awards. Round 1 decisions are released by the end of January, Round 2 by the middle of March, and Round 3 by the end of March. Applications after the deadlines are accepted if space remains; late applicants receive a decision approximately four weeks after their complete application is processed. On June 15, 2027, the application system closes for the August 2027 cohort."
c096,src29,MSHCA - Admissions / How to Apply,https://www.heinz.cmu.edu/programs/health-care-analytics-master/admissions-how-to-apply,program-specific (MSHCA),"program deadlines, prerequisites",AY2026-27 cycle,Medium,2026-07-11,336,84,"On June 15, 2027, the application system closes for the August 2027 cohort. Required application materials. The essay, résumé, two recommendations, an official transcript or evaluation report for the bachelor's degree, and official test scores (if applicable). A completed online application is required and there is no application fee."
c097,src29,MSHCA - Admissions / How to Apply,https://www.heinz.cmu.edu/programs/health-care-analytics-master/admissions-how-to-apply,program-specific (MSHCA),"program deadlines, prerequisites",AY2026-27 cycle,Medium,2026-07-11,750,188,"A completed online application is required and there is no application fee. GRE/GMAT policy. GRE/GMAT scores are required, but applicants may qualify for a waiver by submitting one or more of: (1) evidence of prior quantitative coursework — a grade of B or higher in a college-level, credit-bearing Pre-Calculus class or higher; (2) evidence of quantitative work experience with a significant analytical component, documented and confirmed by a supervisor recommender; or (3) an undergraduate degree from Carnegie Mellon University. Unlike some Heinz programs, MSHCA does allow a waiver based on quantitative work experience. Applicants who have taken the MCAT may share those scores. Waiver approval is at the discretion of the admissions committee."
c098,src29,MSHCA - Admissions / How to Apply,https://www.heinz.cmu.edu/programs/health-care-analytics-master/admissions-how-to-apply,program-specific (MSHCA),"program deadlines, prerequisites",AY2026-27 cycle,Medium,2026-07-11,840,210,"Applicants who have taken the MCAT may share those scores. Waiver approval is at the discretion of the admissions committee. Prerequisite quantitative and technical preparation. Before starting classes, students must have completed college-level coursework in: (1) Pre-Calculus (a calculus class or higher also satisfies this), (2) Introductory Statistics, and (3) Introductory Python programming (Java and C++ are also acceptable). Applicants who do not meet all three may be offered conditional admission and required to complete the missing courses over the summer before their first semester. Courses must be college-level, for credit, and completed with a grade of B or higher; MOOC-platform courses (e.g., Coursera) do not qualify. A free online ""Introduction to Python"" course is offered by Heinz College the summer before enrolling."
c099,src30,MAM - Admissions / How to Apply,https://www.heinz.cmu.edu/programs/arts-management-master/admissions-how-to-apply,program-specific (MAM),"program deadlines, prerequisites",Aug 2026 cycle (as published),Medium,2026-07-11,791,198,"Master of Arts Management (MAM) — Application Process Master of Arts Management (MAM) — Application Process Application deadlines (as published for the August 2026 start; at time of access this page had not yet been updated for the next cycle). Round 1 deadline: December 1, 2025. Round 2 deadline: January 10, 2026. Round 3 deadline: February 2, 2026. Applications are accepted after the published deadlines if space remains; contact the Office of Admissions to apply after February 2. Prospective students who do not apply by the published deadlines are still considered for merit-based scholarship support. Late applicants receive a decision approximately four weeks after their complete application is received. On June 15, 2026, the application system closed for the August 2026 cohort."
c100,src30,MAM - Admissions / How to Apply,https://www.heinz.cmu.edu/programs/arts-management-master/admissions-how-to-apply,program-specific (MAM),"program deadlines, prerequisites",Aug 2026 cycle (as published),Medium,2026-07-11,336,84,"On June 15, 2026, the application system closed for the August 2026 cohort. Required application materials. The essay, résumé, two recommendations, an official transcript or evaluation report for the bachelor's degree, and official test scores (if applicable). A completed online application is required and there is no application fee."
c101,src30,MAM - Admissions / How to Apply,https://www.heinz.cmu.edu/programs/arts-management-master/admissions-how-to-apply,program-specific (MAM),"program deadlines, prerequisites",Aug 2026 cycle (as published),Medium,2026-07-11,866,216,"A completed online application is required and there is no application fee. GRE/GMAT policy. For the current cycle, GRE/GMAT scores are optional but recommended as part of holistic review. Applicants must demonstrate quantitative skills in at least one of the following ways: (1) submitting GRE/GMAT results, and/or (2) completing a college-level algebra course (or a higher level of math) with a grade of B or higher. Applicants offered admission who have not demonstrated the necessary math proficiency are required to attend Heinz College's free Quantitative Skills Summer Program (QSSP), take a college-level algebra class, and/or take the GRE/GMAT as a condition of admission. The MAM program has no formal prerequisite coursework, but because the curriculum is quantitative, applicants are encouraged to complete statistics and pre-calculus/algebra coursework."
c102,src31,MEIM - Program Overview,https://www.heinz.cmu.edu/programs/entertainment-industry-management-master/,program-specific (MEIM),"program format, duration, dual-city (Pittsburgh/LA), degree",AY2026-27 cycle,Medium,2026-07-11,472,118,"Master of Entertainment Industry Management (MEIM) — Program Overview

Key program information. Program length: 2 years, 4 semesters. Application deadlines: December 1 (Round 1), January 10 (Round 2), February 2 (Round 3). Degree earned: Master's degree. Internship: required, in addition to a practicum internship during the program's second year. Location: Pittsburgh, PA in the first year and Los Angeles, CA in the second year. The MEIM program is not STEM-designated."
c103,src31,MEIM - Program Overview,https://www.heinz.cmu.edu/programs/entertainment-industry-management-master/,program-specific (MEIM),"program format, duration, dual-city (Pittsburgh/LA), degree",AY2026-27 cycle,Medium,2026-07-11,952,238,"Location: Pittsburgh, PA in the first year and Los Angeles, CA in the second year. The MEIM program is not STEM-designated. The Master of Entertainment Industry Management (MEIM) is a dual-city joint degree program with Carnegie Mellon University's College of Fine Arts. It combines the creative strengths of the College of Fine Arts with the management and quantitative expertise of Heinz College to prepare students for development, marketing, production, distribution, and strategy across the global entertainment industry. Students spend their first year taking core technology, analytical, and leadership classes on CMU's Pittsburgh campus (including a networking weekend in New York City), then spend their entire second year in Los Angeles completing studies while working a full-time internship in film, TV, gaming, or music. About 80% of MEIM graduates find full-time employment in the entertainment industry within three months of graduation."
c104,src32,MEIM - Admissions / How to Apply,https://www.heinz.cmu.edu/programs/entertainment-industry-management-master/admissions-how-to-apply,program-specific (MEIM),"program deadlines, GRE/GMAT policy, video essay",Aug 2026 cycle (as published),Medium,2026-07-11,829,207,"Master of Entertainment Industry Management (MEIM) — Application Process Master of Entertainment Industry Management (MEIM) — Application Process Application deadlines (as published for the August 2026 start; at time of access this page had not yet been updated for the next cycle). Round 1 deadline: December 1, 2025. Round 2 deadline: January 10, 2026. Round 3 deadline: February 2, 2026. Applications are accepted after the published deadlines if space remains; contact the Office of Admissions to apply after February 2. Prospective students who do not apply by the published deadlines are still considered for merit-based scholarship support. Late applicants receive a decision approximately four weeks after their complete application is received. On June 15, 2026, the application system closed for the August 2026 cohort."
c105,src32,MEIM - Admissions / How to Apply,https://www.heinz.cmu.edu/programs/entertainment-industry-management-master/admissions-how-to-apply,program-specific (MEIM),"program deadlines, GRE/GMAT policy, video essay",Aug 2026 cycle (as published),Medium,2026-07-11,522,130,"On June 15, 2026, the application system closed for the August 2026 cohort. Required application materials. The essay, résumé, two recommendations, an official transcript or evaluation report for the bachelor's degree, and official test scores (if applicable). A completed online application is required and there is no application fee. The MEIM program has no formal prerequisite coursework, but because the curriculum is quantitative, applicants are encouraged to complete statistics and algebra/pre-calculus coursework."
c106,src32,MEIM - Admissions / How to Apply,https://www.heinz.cmu.edu/programs/entertainment-industry-management-master/admissions-how-to-apply,program-specific (MEIM),"program deadlines, GRE/GMAT policy, video essay",Aug 2026 cycle (as published),Medium,2026-07-11,742,186,"oursework, but because the curriculum is quantitative, applicants are encouraged to complete statistics and algebra/pre-calculus coursework. GRE/GMAT policy. For the current cycle, GRE/GMAT scores are optional but recommended as part of holistic review. Applicants must demonstrate quantitative skills in at least one of the following ways: (1) submitting GRE/GMAT results, or (2) completing a college-level algebra course (or a higher level of math) with a grade of B or higher. Applicants offered admission who have not demonstrated the necessary math proficiency are required to attend Heinz College's free Quantitative Skills Summer Program (QSSP), take a college-level algebra class, and/or take the GRE/GMAT as a condition of admission."
c107,src32,MEIM - Admissions / How to Apply,https://www.heinz.cmu.edu/programs/entertainment-industry-management-master/admissions-how-to-apply,program-specific (MEIM),"program deadlines, GRE/GMAT policy, video essay",Aug 2026 cycle (as published),Medium,2026-07-11,627,157,"'s free Quantitative Skills Summer Program (QSSP), take a college-level algebra class, and/or take the GRE/GMAT as a condition of admission. Video interview and video essay. A short video interview is optional but strongly recommended; in recent years more than 90% of admitted MEIM students completed a video assessment. MEIM applicants may also submit an optional one-minute video essay (uploaded to an accessible site such as an unlisted YouTube video, submitted as a URL) introducing themselves to the Admissions Committee. The video essay option is unique to the MEIM program and is not available for other Heinz programs."
